,plotID,FSDmetric,pscore_pvalue,initial_psi,breakpoint,breakpointSE,FDR_padjust,1_breakpoint
psi1.density,ABBY_001,mean.max.canopy.ht,2.92E-06,8,6.696542605,0.201760101,4.51E-05,1
psi1.density1,ABBY_001,deepgap.fraction,1.42E-05,8,6.272091069,0.174468131,7.99E-05,1
psi1.density2,ABBY_001,rumple,3.28E-06,8,7.202155138,0.298236804,4.51E-05,1
psi1.density3,ABBY_001,top.rugosity,2.56E-06,8,7.03409426,0.400895141,4.51E-05,1
psi1.density4,ABBY_001,sd.sd,4.86E-05,8,4.818935434,0.19411272,0.000190206,1
psi1.density5,ABBY_001,fhd,0.00066637,8,6.568434179,0.848952055,0.002113595,1
psi1.density6,ABBY_006,mean.max.canopy.ht,4.34E-06,8,6.732716731,0.193015846,4.51E-05,1
psi1.density7,ABBY_006,deepgap.fraction,3.76E-05,8,4.663139228,0.063411093,0.000162021,1
psi1.density8,ABBY_006,rumple,4.28E-06,8,6.795184833,0.219743469,4.51E-05,1
psi1.density9,ABBY_006,top.rugosity,5.20E-06,8,6.729513048,0.271901936,4.51E-05,1
psi1.density10,ABBY_006,sd.sd,0.000110943,8,4.498473366,0.168480551,0.000384032,1
psi1.density12,ABBY_014,mean.max.canopy.ht,3.87E-06,8,6.76018008,0.233644847,4.51E-05,1
psi1.density14,ABBY_014,deepgap.fraction,2.46E-05,8,4.809833522,0.075408303,0.000126667,1
psi1.density15,ABBY_014,rumple,3.76E-06,8,6.818033748,0.212594862,4.51E-05,1
psi1.density16,ABBY_014,top.rugosity,9.93E-06,8,8.746405991,0.536990341,6.11E-05,1
psi1.density17,ABBY_014,sd.sd,0.000165001,8,4.693605393,0.360468675,0.000555142,1
psi1.density18,ABBY_016,mean.max.canopy.ht,6.12E-06,8,6.7600873,0.260926768,4.79E-05,1
psi1.density19,ABBY_016,deepgap.fraction,2.58E-05,8,6.08248772,0.180278753,0.000128463,1
psi1.density20,ABBY_016,rumple,5.37E-06,8,6.966574073,0.269055132,4.57E-05,1
psi1.density21,ABBY_016,top.rugosity,1.02E-05,8,8.380761729,0.483365395,6.20E-05,1
psi1.density22,ABBY_016,sd.sd,2.90E-05,8,5.202437971,0.276377433,0.000136112,1
psi1.density23,ABBY_016,fhd,0.008113497,8,5.320422275,1.368246785,0.023181421,1
psi1.density24,ABBY_025,mean.max.canopy.ht,3.60E-06,8,6.833009569,0.172831408,4.51E-05,1
psi1.density25,ABBY_025,q50,0.016128729,8,7.999917713,1.613301438,0.043493202,1
psi1.density26,ABBY_025,deepgap.fraction,8.25E-05,8,4.483479463,0.031372002,0.000289724,1
psi1.density27,ABBY_025,rumple,7.45E-06,8,6.601368252,0.181202942,5.01E-05,1
psi1.density28,ABBY_025,top.rugosity,9.84E-06,8,6.688835306,0.238738451,6.11E-05,1
psi1.density29,ABBY_025,sd.sd,0.00044003,8,4.513179729,0.271719788,0.001408096,1
psi1.density31,ABBY_025,fhd,0.009588006,8,13.70042254,2.717570015,0.027072016,1
psi1.density32,ABBY_029,mean.max.canopy.ht,1.99E-06,8,8.55968528,0.261311442,4.51E-05,1
psi1.density34,ABBY_029,q50,0.014725506,8,6.365604457,1.06049252,0.040008922,1
psi1.density36,ABBY_029,deepgap.fraction,2.58E-05,8,4.71807774,0.076153935,0.000128463,1
psi1.density38,ABBY_029,rumple,2.21E-06,8,8.551011635,0.252616159,4.51E-05,1
psi1.density39,ABBY_029,top.rugosity,2.31E-06,8,8.97052432,0.310649624,4.51E-05,1
psi1.density41,ABBY_029,sd.sd,4.17E-05,8,6.100954564,0.383079914,0.000174615,1
psi1.density42,ABBY_029,vertCV,0.009776103,8,4.212453028,0.437150044,0.027495289,1
psi1.density43,ABBY_029,fhd,0.002334443,8,13.49710761,2.166021001,0.007003329,1
psi1.density44,ABBY_029,gini,0.010739537,8,4.185041056,0.43042061,0.029855084,1
psi1.density45,ABBY_062,mean.max.canopy.ht,2.71E-06,8,8.464769374,0.32104899,4.51E-05,1
psi1.density46,ABBY_062,q100,0.018284595,8,7.999936411,1.664565066,0.048758919,1
psi1.density47,ABBY_062,deepgap.fraction,8.97E-06,8,6.391223633,0.18949801,5.61E-05,1
psi1.density48,ABBY_062,rumple,2.46E-06,8,8.861793858,0.341472183,4.51E-05,1
psi1.density49,ABBY_062,top.rugosity,1.17E-05,8,8.753113814,0.674626872,6.87E-05,1
psi1.density50,ABBY_062,sd.sd,0.000391864,8,7.461715517,0.836002342,0.001265212,1
psi1.density51,ABBY_062,fhd,0.001850849,8,6.871563795,0.984315674,0.005646657,1
psi1.density52,ABBY_068,mean.max.canopy.ht,7.65E-05,8,6.522019239,0.556380455,0.000269887,1
psi1.density53,ABBY_068,deepgap.fraction,6.31E-06,8,6.446556253,0.182725824,4.83E-05,1
psi1.density54,ABBY_068,rumple,1.26E-05,8,6.554429968,0.301845497,7.15E-05,1
psi1.density55,ABBY_068,top.rugosity,5.61E-05,8,8.62946497,0.792692263,0.000211654,1
psi1.density56,ABBY_068,sd.sd,0.010348008,8,10.00004339,2.370018732,0.028878162,1
psi1.density57,ABBY_068,fhd,0.000197432,8,6.307120991,0.444907211,0.000655075,1
psi1.density58,ABBY_073,mean.max.canopy.ht,3.12E-06,8,8.934106377,0.426153979,4.51E-05,1
psi1.density59,ABBY_073,deepgap.fraction,8.69E-06,8,6.410120169,0.207894624,5.49E-05,1
psi1.density60,ABBY_073,rumple,2.33E-05,8,6.973620805,0.567886654,0.000122813,1
psi1.density61,ABBY_073,top.rugosity,2.34E-05,8,8.72417364,0.660364689,0.000122813,1
psi1.density62,ABBY_073,fhd,0.001108093,8,7.262712896,1.081163887,0.003468812,1
psi1.density63,GRSM_004,mean.max.canopy.ht,2.80E-06,8,6.997274158,0.20950576,4.51E-05,1
psi1.density66,GRSM_004,deepgap.fraction,6.82E-05,8,4.526973756,0.040264624,0.00024911,1
psi1.density67,GRSM_004,rumple,3.92E-06,8,6.93282611,0.169157231,4.51E-05,1
psi1.density68,GRSM_004,top.rugosity,6.55E-05,8,6.449163474,0.494296937,0.000240607,1
psi1.density69,GRSM_004,sd.sd,4.02E-05,8,8.272688958,0.648218155,0.000170414,1
psi1.density71,GRSM_006,mean.max.canopy.ht,3.47E-06,8,6.838918154,0.210418555,4.51E-05,1
psi1.density72,GRSM_006,deepgap.fraction,5.65E-05,8,4.525125514,0.063066012,0.000211906,1
psi1.density73,GRSM_006,rumple,3.17E-06,8,6.934214964,0.182358285,4.51E-05,1
psi1.density74,GRSM_006,top.rugosity,5.73E-06,8,8.808064198,0.495842802,4.74E-05,1
psi1.density75,GRSM_006,sd.sd,5.43E-05,8,7.213761883,0.695471002,0.000206843,1
psi1.density76,GRSM_012,mean.max.canopy.ht,5.63E-06,8,6.805827798,0.250911864,4.72E-05,1
psi1.density78,GRSM_012,deepgap.fraction,3.69E-05,8,4.630109157,0.063713828,0.000160114,1
psi1.density79,GRSM_012,rumple,8.33E-06,8,6.545666234,0.178772697,5.36E-05,1
psi1.density80,GRSM_012,top.rugosity,3.41E-05,8,9.037907092,0.703588789,0.000151494,1
psi1.density81,GRSM_012,sd.sd,3.69E-05,8,6.51969179,0.445704279,0.000160114,1
psi1.density82,GRSM_012,fhd,3.05E-05,8,5.117232083,0.285333765,0.000141069,1
psi1.density83,GRSM_016,mean.max.canopy.ht,4.07E-06,8,6.714521397,0.181597122,4.51E-05,1
psi1.density84,GRSM_016,deepgap.fraction,4.25E-05,8,4.595596322,0.063903404,0.00017601,1
psi1.density85,GRSM_016,rumple,5.03E-06,8,6.718542901,0.172794855,4.51E-05,1
psi1.density86,GRSM_016,top.rugosity,6.06E-06,8,7.26617874,0.387418758,4.79E-05,1
psi1.density87,GRSM_016,sd.sd,0.000158497,8,5.103918585,0.442946599,0.000535764,1
psi1.density88,GRSM_016,fhd,5.49E-05,8,6.893829811,0.499381029,0.000208221,1
psi1.density89,GRSM_026,mean.max.canopy.ht,2.02E-06,8,8.555515154,0.348339682,4.51E-05,1
psi1.density92,GRSM_026,deepgap.fraction,5.72E-05,8,4.666027524,0.08129856,0.000213388,1
psi1.density93,GRSM_026,rumple,3.25E-06,8,6.950753284,0.191993204,4.51E-05,1
psi1.density94,GRSM_026,top.rugosity,3.53E-06,8,8.697988112,0.487705627,4.51E-05,1
psi1.density95,GRSM_026,sd.sd,7.58E-05,8,4.59029258,0.206572553,0.000268848,1
psi1.density96,GRSM_026,fhd,1.20E-05,8,7.269964174,0.537322487,6.89E-05,1
psi1.density97,GRSM_029,mean.max.canopy.ht,2.99E-06,8,6.810283919,0.201887851,4.51E-05,1
psi1.density99,GRSM_029,deepgap.fraction,3.69E-05,8,4.731203829,0.056689626,0.000160114,1
psi1.density100,GRSM_029,rumple,7.79E-06,8,6.484747386,0.153207959,5.10E-05,1
psi1.density101,GRSM_029,top.rugosity,0.000428292,8,6.866001335,0.93859844,0.001376654,1
psi1.density102,GRSM_029,sd.sd,0.000231724,8,7.087257935,0.799379079,0.000765326,1
psi1.density103,GRSM_029,fhd,0.001159342,8,4.289867334,0.314738128,0.003598267,1
psi1.density104,GRSM_050,mean.max.canopy.ht,2.62E-06,8,8.456860625,0.326947921,4.51E-05,1
psi1.density106,GRSM_050,deepgap.fraction,3.06E-05,8,4.753462781,0.07612641,0.000141069,1
psi1.density107,GRSM_050,rumple,3.13E-06,8,8.799639007,0.370555951,4.51E-05,1
psi1.density108,GRSM_050,top.rugosity,0.000317973,8,8.99987245,1.005648691,0.001031264,1
psi1.density109,GRSM_050,sd.sd,5.33E-05,8,6.370812025,0.390080182,0.000204081,1
1142,GRSM_050,VCI,0.005558172,NA,NA,NA,0.016071824,1
psi1.density110,GRSM_050,fhd,0.005332032,8,4.238382801,0.365123602,0.015480094,1
psi1.density111,GRSM_056,mean.max.canopy.ht,0.000182553,8,5.590929886,0.675808515,0.000608511,1
psi1.density112,GRSM_056,deepgap.fraction,1.12E-05,8,6.311502799,0.17519485,6.68E-05,1
psi1.density113,GRSM_056,rumple,5.09E-06,8,7.09965761,0.250855642,4.51E-05,1
psi1.density114,GRSM_056,top.rugosity,3.10E-05,8,7.109035672,0.576681143,0.000141912,1
psi1.density115,GRSM_056,sd.sd,0.001467134,8,7.061879017,1.192135333,0.004533633,1
psi1.density117,GRSM_060,mean.max.canopy.ht,5.92E-06,8,6.631984412,0.171629311,4.79E-05,1
psi1.density118,GRSM_060,q100,0.005638102,8,7.810175587,1.763016845,0.016237733,1
psi1.density119,GRSM_060,deepgap.fraction,3.79E-05,8,4.60046896,0.062421259,0.000162367,1
psi1.density120,GRSM_060,rumple,6.97E-06,8,6.821609471,0.207600479,4.92E-05,1
psi1.density121,GRSM_060,top.rugosity,7.19E-05,8,6.852358836,0.45668033,0.000258754,1
psi1.density122,GRSM_060,sd.sd,4.70E-05,8,6.997335753,0.573727139,0.000187815,1
psi1.density123,GRSM_060,fhd,0.000683002,8,4.486750381,0.327903183,0.00215685,1
psi1.density124,STEI_003,mean.max.canopy.ht,3.86E-06,8,6.666813896,0.165126605,4.51E-05,1
psi1.density125,STEI_003,deepgap.fraction,7.14E-05,8,4.518405084,0.038394034,0.000258467,1
psi1.density126,STEI_003,rumple,8.28E-06,8,6.477967546,0.151920045,5.36E-05,1
psi1.density127,STEI_003,top.rugosity,7.69E-06,8,6.448087883,0.18193949,5.08E-05,1
psi1.density128,STEI_003,sd.sd,2.50E-05,8,6.318940089,0.305791833,0.000127896,1
psi1.density129,STEI_006,mean.max.canopy.ht,3.52E-06,8,6.846876663,0.236794471,4.51E-05,1
psi1.density131,STEI_006,deepgap.fraction,2.90E-05,8,6.094884105,0.209762913,0.000136112,1
psi1.density132,STEI_006,GFP,0.003903601,8,7.889743811,1.590132929,0.011518822,1
psi1.density133,STEI_006,rumple,4.27E-06,8,6.905475838,0.185789069,4.51E-05,1
psi1.density134,STEI_006,top.rugosity,7.45E-06,8,6.898677537,0.357307727,5.01E-05,1
psi1.density135,STEI_006,sd.sd,4.65E-05,8,6.962708948,0.502669411,0.000187161,1
psi1.density136,STEI_009,mean.max.canopy.ht,3.52E-06,8,6.72003462,0.173096411,4.51E-05,1
psi1.density138,STEI_009,deepgap.fraction,5.16E-05,8,4.648764395,0.043667005,0.000199185,1
psi1.density139,STEI_009,rumple,4.51E-06,8,6.759220939,0.130968002,4.51E-05,1
psi1.density140,STEI_009,top.rugosity,4.00E-06,8,6.733670943,0.171176963,4.51E-05,1
psi1.density141,STEI_009,sd.sd,2.37E-05,8,6.324140865,0.276405501,0.000122952,1
psi1.density142,STEI_009,fhd,0.012963254,8,9.783711602,2.400998625,0.03535433,1
psi1.density143,STEI_015,mean.max.canopy.ht,5.39E-06,8,6.578462832,0.248271794,4.57E-05,1
psi1.density144,STEI_015,q100,0.012471117,8,4.590998736,0.667734185,0.034253124,1
psi1.density145,STEI_015,deepgap.fraction,1.19E-05,8,6.278930666,0.187849113,6.89E-05,1
psi1.density146,STEI_015,rumple,3.14E-06,8,8.528031475,0.348258092,4.51E-05,1
psi1.density147,STEI_015,top.rugosity,4.34E-05,8,4.913169124,0.455425814,0.000178277,1
psi1.density148,STEI_015,sd.sd,0.000119977,8,5.214148253,0.458377639,0.000411349,1
psi1.density149,STEI_015,fhd,0.001885234,8,7.855831298,1.434683176,0.005727293,1
psi1.density150,STEI_018,mean.max.canopy.ht,3.16E-06,8,6.829437723,0.18155583,4.51E-05,1
psi1.density151,STEI_018,q100,0.004250436,8,9.131610577,1.913683768,0.0124403,1
psi1.density152,STEI_018,deepgap.fraction,3.15E-05,8,4.674326957,0.068038842,0.000142461,1
psi1.density153,STEI_018,rumple,2.96E-06,8,7.022336889,0.15022839,4.51E-05,1
psi1.density154,STEI_018,top.rugosity,2.47E-06,8,7.361965106,0.258001034,4.51E-05,1
psi1.density155,STEI_018,sd.sd,2.55E-05,8,4.889295946,0.210856006,0.000128463,1
psi1.density156,STEI_046,mean.max.canopy.ht,2.92E-06,8,8.24532909,0.306127751,4.51E-05,1
psi1.density157,STEI_046,q100,0.002371749,8,16.69397998,1.958849793,0.007085722,1
psi1.density158,STEI_046,deepgap.fraction,1.73E-05,8,6.166120472,0.176002586,9.53E-05,1
psi1.density160,STEI_046,rumple,3.28E-06,8,6.97676333,0.225223995,4.51E-05,1
psi1.density161,STEI_046,top.rugosity,5.07E-06,8,8.332587171,0.461232086,4.51E-05,1
psi1.density162,STEI_046,sd.sd,8.42E-05,8,4.644254906,0.172782457,0.000294159,1
psi1.density163,STEI_050,mean.max.canopy.ht,2.66E-06,8,6.872265976,0.173618005,4.51E-05,1
psi1.density164,STEI_050,deepgap.fraction,4.13E-05,8,4.663125945,0.061858089,0.000173934,1
psi1.density165,STEI_050,rumple,5.14E-06,8,6.70306491,0.134406561,4.51E-05,1
psi1.density166,STEI_050,top.rugosity,7.43E-06,8,6.44220771,0.17573605,5.01E-05,1
psi1.density167,STEI_050,sd.sd,7.35E-05,8,6.257046898,0.401674316,0.000261962,1
psi1.density168,STEI_054,mean.max.canopy.ht,2.24E-06,8,8.318526718,0.282922597,4.51E-05,1
psi1.density169,STEI_054,deepgap.fraction,2.79E-05,8,6.140465656,0.227654061,0.00013401,1
psi1.density170,STEI_054,rumple,3.90E-06,8,6.848731399,0.176821743,4.51E-05,1
psi1.density171,STEI_054,top.rugosity,4.35E-06,8,8.336696099,0.309834298,4.51E-05,1
psi1.density172,STEI_054,sd.sd,0.000153745,8,4.977313414,0.43899132,0.000522151,1
psi1.density173,STEI_062,mean.max.canopy.ht,2.28E-06,8,6.955651214,0.176630245,4.51E-05,1
psi1.density174,STEI_062,q100,0.012511905,8,9.999976959,2.165422729,0.034253124,1
psi1.density175,STEI_062,deepgap.fraction,4.38E-05,8,4.715122589,0.049010925,0.000178277,1
psi1.density176,STEI_062,rumple,4.33E-06,8,6.836056756,0.13061334,4.51E-05,1
psi1.density177,STEI_062,top.rugosity,3.24E-06,8,8.301628607,0.257210809,4.51E-05,1
psi1.density178,STEI_062,sd.sd,0.001674073,8,4.731266952,0.329218529,0.005150993,1
psi1.density179,UKFS_002,mean.max.canopy.ht,3.36E-06,8,6.7533922,0.185472419,4.51E-05,1
psi1.density180,UKFS_002,q50,0.002276058,8,8.000025009,1.082035533,0.006856743,1
psi1.density182,UKFS_002,deepgap.fraction,4.74E-05,8,4.611230781,0.055847129,0.00018837,1
psi1.density184,UKFS_002,rumple,4.80E-06,8,6.71145493,0.163814009,4.51E-05,1
psi1.density185,UKFS_002,top.rugosity,6.65E-06,8,6.597877722,0.270670423,4.84E-05,1
psi1.density186,UKFS_002,sd.sd,3.54E-05,8,4.665036105,0.212750566,0.000156212,1
psi1.density187,UKFS_002,VCI,0.011971895,8,5.284033198,1.382896299,0.033025918,1
psi1.density188,UKFS_002,vertCV,0.018127089,8,6.8211972,1.375610991,0.048518603,1
psi1.density189,UKFS_002,fhd,0.009940375,8,5.382292771,1.259327179,0.02784852,1
psi1.density190,UKFS_002,gini,0.016776125,8,6.731580532,1.32631283,0.045070186,1
psi1.density191,UKFS_007,mean.max.canopy.ht,3.56E-06,8,6.762522788,0.220381929,4.51E-05,1
psi1.density192,UKFS_007,deepgap.fraction,1.45E-05,8,6.214108531,0.180334384,8.11E-05,1
psi1.density193,UKFS_007,rumple,2.43E-06,8,8.52806968,0.26313714,4.51E-05,1
psi1.density194,UKFS_007,top.rugosity,1.94E-06,8,9.015727445,0.398886479,4.51E-05,1
psi1.density195,UKFS_007,sd.sd,7.29E-05,8,4.48257593,0.193816601,0.000261258,1
psi1.density196,UKFS_014,mean.max.canopy.ht,3.59E-06,8,6.827778997,0.176915466,4.51E-05,1
psi1.density197,UKFS_014,deepgap.fraction,3.39E-05,8,4.715461685,0.06675782,0.000151494,1
psi1.density198,UKFS_014,rumple,4.09E-06,8,6.959377302,0.148033139,4.51E-05,1
psi1.density199,UKFS_014,top.rugosity,2.91E-06,8,7.075137478,0.241721144,4.51E-05,1
psi1.density200,UKFS_014,sd.sd,6.12E-05,8,6.302963949,0.492845978,0.000227147,1
psi1.density201,UKFS_014,fhd,0.005206553,8,4.214658471,0.330648333,0.015176997,1
psi1.density202,UKFS_021,mean.max.canopy.ht,3.90E-06,8,6.700251424,0.215268887,4.51E-05,1
psi1.density203,UKFS_021,deepgap.fraction,3.20E-05,8,4.640719971,0.067867374,0.000144035,1
psi1.density204,UKFS_021,rumple,5.95E-06,8,6.586828032,0.179801712,4.79E-05,1
psi1.density205,UKFS_021,top.rugosity,1.05E-05,8,8.957159323,0.594420593,6.27E-05,1
psi1.density206,UKFS_021,sd.sd,0.000881854,8,5.055968544,0.679168955,0.002772642,1
psi1.density207,UKFS_043,mean.max.canopy.ht,4.44E-06,8,6.732973386,0.184614695,4.51E-05,1
psi1.density209,UKFS_043,deepgap.fraction,2.70E-05,8,4.787889009,0.069543263,0.000133183,1
psi1.density210,UKFS_043,rumple,6.53E-06,8,6.52749509,0.140559726,4.84E-05,1
psi1.density211,UKFS_043,top.rugosity,1.04E-05,8,6.675653956,0.271201247,6.27E-05,1
psi1.density212,UKFS_043,sd.sd,1.23E-05,8,6.550246432,0.328382234,7.03E-05,1
psi1.density213,UKFS_043,fhd,0.001159442,8,6.268515572,0.731219119,0.003598267,1
psi1.density214,UKFS_047,mean.max.canopy.ht,4.69E-06,8,6.699019688,0.181249766,4.51E-05,1
psi1.density216,UKFS_047,deepgap.fraction,4.85E-05,8,4.560929213,0.056227385,0.000190206,1
psi1.density217,UKFS_047,rumple,6.19E-06,8,6.629161223,0.169538846,4.79E-05,1
psi1.density218,UKFS_047,top.rugosity,4.87E-06,8,6.930211095,0.247883824,4.51E-05,1
psi1.density219,UKFS_047,sd.sd,1.88E-05,8,7.124523066,0.492488938,0.00010227,1
psi1.density220,UKFS_052,mean.max.canopy.ht,4.04E-06,8,6.792393773,0.17768044,4.51E-05,1
psi1.density221,UKFS_052,deepgap.fraction,2.59E-05,8,6.096403287,0.191825301,0.000128463,1
psi1.density222,UKFS_052,rumple,3.95E-06,8,6.833189478,0.145804108,4.51E-05,1
psi1.density223,UKFS_052,top.rugosity,5.02E-06,8,8.469447257,0.318446979,4.51E-05,1
psi1.density224,UKFS_052,sd.sd,6.55E-06,8,6.800451081,0.301427353,4.84E-05,1
psi1.density226,UKFS_052,fhd,0.002051931,8,6.276316447,0.854405153,0.006207524,1
psi1.density227,UKFS_054,mean.max.canopy.ht,4.42E-06,8,6.698588002,0.194213522,4.51E-05,1
psi1.density228,UKFS_054,deepgap.fraction,4.45E-05,8,4.583296787,0.061729647,0.000179963,1
psi1.density229,UKFS_054,rumple,5.03E-06,8,6.713798034,0.166597083,4.51E-05,1
psi1.density230,UKFS_054,top.rugosity,7.12E-06,8,6.707507137,0.268074329,4.97E-05,1
psi1.density231,UKFS_054,sd.sd,2.00E-05,8,6.74004437,0.421800875,0.000107429,1
psi1.density232,UKFS_054,fhd,0.008971836,8,7.999954934,1.585336035,0.025532497,1
psi1.density233,UKFS_059,mean.max.canopy.ht,5.20E-06,8,6.574606932,0.157225827,4.51E-05,1
psi1.density235,UKFS_059,deepgap.fraction,2.37E-05,8,6.098710652,0.183229605,0.000122952,1
psi1.density237,UKFS_059,rumple,4.07E-06,8,6.764914029,0.154080703,4.51E-05,1
psi1.density238,UKFS_059,top.rugosity,6.90E-06,8,6.676456198,0.209492091,4.92E-05,1
psi1.density239,UKFS_059,sd.sd,0.001743671,8,4.56320116,0.321279955,0.00534231,1
psi1.density240,UNDE_003,mean.max.canopy.ht,3.19E-06,8,6.815661777,0.200048936,4.51E-05,1
1339,UNDE_003,q100,0.01175411,NA,NA,NA,0.032549843,1
psi1.density241,UNDE_003,deepgap.fraction,2.77E-05,8,4.686503304,0.082049728,0.000133771,1
psi1.density242,UNDE_003,rumple,4.22E-06,8,6.957026398,0.199837431,4.51E-05,1
psi1.density243,UNDE_003,top.rugosity,4.47E-06,8,7.517653802,0.374635852,4.51E-05,1
psi1.density244,UNDE_003,sd.sd,0.006750274,8,4.431787296,0.71088475,0.019363336,1
psi1.density245,UNDE_003,fhd,9.75E-05,8,5.081801547,0.31394883,0.000339243,1
psi1.density246,UNDE_016,mean.max.canopy.ht,2.33E-06,8,8.783312201,0.381364566,4.51E-05,1
psi1.density248,UNDE_016,deepgap.fraction,7.29E-06,8,6.455010027,0.189130422,5.01E-05,1
psi1.density249,UNDE_016,rumple,4.90E-06,8,6.987606704,0.284850861,4.51E-05,1
psi1.density250,UNDE_016,top.rugosity,0.00027443,8,5.133725531,0.35830922,0.00089407,1
psi1.density251,UNDE_016,sd.sd,7.08E-05,8,4.600975611,0.251564677,0.000257613,1
psi1.density252,UNDE_016,fhd,0.000561635,8,4.375899521,0.307572048,0.00178928,1
psi1.density253,UNDE_020,mean.max.canopy.ht,3.33E-06,8,6.896715966,0.212341055,4.51E-05,1
psi1.density254,UNDE_020,deepgap.fraction,3.94E-05,8,4.585338102,0.057335736,0.000167714,1
psi1.density255,UNDE_020,rumple,3.28E-06,8,7.027997489,0.223597183,4.51E-05,1
psi1.density256,UNDE_020,top.rugosity,4.00E-06,8,8.982348077,0.48212646,4.51E-05,1
psi1.density257,UNDE_020,sd.sd,1.89E-05,8,6.625174762,0.339529121,0.00010227,1
psi1.density258,UNDE_020,fhd,0.004166278,8,4.316227631,0.410975628,0.012243757,1
psi1.density259,UNDE_027,mean.max.canopy.ht,6.79E-06,8,6.693984257,0.2557922,4.89E-05,1
psi1.density261,UNDE_027,deepgap.fraction,4.83E-05,8,4.581972804,0.058943769,0.000190206,1
psi1.density262,UNDE_027,rumple,1.13E-05,8,6.534457506,0.236515879,6.68E-05,1
psi1.density263,UNDE_027,top.rugosity,0.000233553,8,6.88244009,0.727915872,0.000767847,1
psi1.density264,UNDE_027,sd.sd,6.52E-05,8,6.372430526,0.469268364,0.000240607,1
psi1.density265,UNDE_027,fhd,2.10E-05,8,6.599425112,0.380291784,0.000112005,1
psi1.density266,UNDE_037,mean.max.canopy.ht,3.52E-06,8,6.703333876,0.203790969,4.51E-05,1
psi1.density267,UNDE_037,deepgap.fraction,4.23E-05,8,4.617305172,0.061337935,0.00017601,1
psi1.density268,UNDE_037,rumple,4.46E-06,8,6.725700049,0.217531332,4.51E-05,1
psi1.density269,UNDE_037,top.rugosity,4.31E-06,8,6.669502966,0.296804022,4.51E-05,1
psi1.density270,UNDE_037,sd.sd,0.000112902,8,6.883875146,0.773146339,0.000388945,1
psi1.density271,UNDE_037,fhd,0.003567206,8,6.613123743,1.074783249,0.010613175,1
psi1.density272,UNDE_043,mean.max.canopy.ht,8.48E-06,8,5.014983938,0.162215743,5.40E-05,1
1387,UNDE_043,q100,0.009328726,NA,NA,NA,0.026443633,1
psi1.density273,UNDE_043,deepgap.fraction,4.36E-05,8,4.594408385,0.063003178,0.000178277,1
psi1.density274,UNDE_043,rumple,6.56E-06,8,6.583085116,0.165743399,4.84E-05,1
psi1.density275,UNDE_043,top.rugosity,2.84E-05,8,4.885809545,0.218251559,0.000135548,1
psi1.density276,UNDE_043,sd.sd,4.98E-05,8,4.64684238,0.201446752,0.000193862,1
psi1.density278,UNDE_049,mean.max.canopy.ht,3.12E-06,8,6.940497917,0.266170724,4.51E-05,1
psi1.density280,UNDE_049,deepgap.fraction,2.74E-05,8,4.781336807,0.077015845,0.000133306,1
psi1.density281,UNDE_049,GFP,0.016090488,8,6.16487784,1.13834094,0.043493202,1
psi1.density282,UNDE_049,rumple,3.06E-06,8,7.174212595,0.248916724,4.51E-05,1
psi1.density283,UNDE_049,top.rugosity,1.47E-05,8,7.054290245,0.449165213,8.14E-05,1
psi1.density284,UNDE_049,sd.sd,0.000258904,8,4.725133391,0.388112966,0.000847323,1
psi1.density286,UNDE_049,fhd,3.11E-05,8,6.164977814,0.330728174,0.000141912,1
psi1.density287,UNDE_055,mean.max.canopy.ht,3.82E-06,8,6.713673388,0.212340886,4.51E-05,1
psi1.density288,UNDE_055,deepgap.fraction,2.91E-05,8,4.668491495,0.072291983,0.000136112,1
psi1.density289,UNDE_055,rumple,6.60E-06,8,6.684409844,0.185792704,4.84E-05,1
psi1.density290,UNDE_055,top.rugosity,7.68E-06,8,7.330846113,0.58449518,5.08E-05,1
psi1.density291,UNDE_055,sd.sd,5.17E-05,8,4.650775743,0.212726041,0.000199185,1
psi1.density292,UNDE_057,mean.max.canopy.ht,4.31E-06,8,6.761029946,0.252614668,4.51E-05,1
psi1.density293,UNDE_057,deepgap.fraction,2.72E-05,8,4.737141493,0.076514136,0.000133183,1
psi1.density294,UNDE_057,GFP,0.00381822,8,7.611061,1.515854415,0.011313246,1
psi1.density295,UNDE_057,rumple,6.18E-06,8,6.707997337,0.195293291,4.79E-05,1
psi1.density296,UNDE_057,top.rugosity,0.000174268,8,8.371099985,0.935660219,0.000583594,1
psi1.density297,UNDE_057,sd.sd,0.00013237,8,6.572398798,0.528479921,0.00045169,1
1,ABBY_001,q25,0.458791031,NA,2,NA,0.588914895,0
11,ABBY_001,q50,0.155841873,NA,2,NA,0.284787179,0
12,ABBY_001,q75,0.102304713,NA,2,NA,0.20678718,0
13,ABBY_001,q100,0.126308778,NA,2,NA,0.241752726,0
14,ABBY_001,VAI,0.53358947,NA,2,NA,0.660110685,0
15,ABBY_001,GFP,0.216885384,NA,2,NA,0.366566847,0
16,ABBY_001,vert.sd,0.449857915,NA,2,NA,0.585710124,0
17,ABBY_001,VCI,0.513505678,NA,2,NA,0.642998414,0
18,ABBY_001,vertCV,0.187724683,NA,2,NA,0.32741852,0
19,ABBY_001,gini,0.158538455,NA,2,NA,0.286084431,0
110,ABBY_006,q25,0.233485614,NA,2,NA,0.38554829,0
111,ABBY_006,q50,0.598207828,NA,2,NA,0.721456677,0
112,ABBY_006,q75,0.941127336,NA,2,NA,0.953310226,0
113,ABBY_006,q100,0.092924995,NA,2,NA,0.19281267,0
114,ABBY_006,VAI,0.729994615,NA,2,NA,0.812358768,0
115,ABBY_006,GFP,0.311507192,NA,2,NA,0.464358547,0
116,ABBY_006,vert.sd,0.131493947,NA,2,NA,0.247841994,0
117,ABBY_006,VCI,0.018955688,NA,2,NA,0.050361976,0
118,ABBY_006,vertCV,0.114867819,NA,2,NA,0.224741386,0
psi1.density11,ABBY_006,fhd,0.027053768,8,2,1.162364765,0.067634421,0
119,ABBY_006,gini,0.102531977,NA,2,NA,0.20678718,0
120,ABBY_014,q25,0.329853091,NA,2,NA,0.484682092,0
121,ABBY_014,q50,0.132607304,NA,2,NA,0.249287883,0
122,ABBY_014,q75,0.110030037,NA,2,NA,0.218241396,0
psi1.density13,ABBY_014,q100,0.025704205,8,2,1.727588583,0.064709886,0
123,ABBY_014,VAI,0.329058224,NA,2,NA,0.484502907,0
124,ABBY_014,GFP,0.484162119,NA,2,NA,0.612648024,0
125,ABBY_014,vert.sd,0.204096891,NA,2,NA,0.348493325,0
126,ABBY_014,VCI,0.849578978,NA,2,NA,0.900751939,0
127,ABBY_014,vertCV,0.309298103,NA,2,NA,0.462826698,0
128,ABBY_014,fhd,0.074587207,NA,2,NA,0.163230362,0
129,ABBY_014,gini,0.23570254,NA,2,NA,0.387273644,0
130,ABBY_016,q25,0.222078244,NA,2,NA,0.371851943,0
131,ABBY_016,q50,0.525963291,NA,2,NA,0.654228485,0
132,ABBY_016,q75,0.735970233,NA,2,NA,0.816484696,0
133,ABBY_016,q100,0.218632528,NA,2,NA,0.367793038,0
134,ABBY_016,VAI,0.135528371,NA,2,NA,0.253455654,0
135,ABBY_016,GFP,0.402425445,NA,2,NA,0.550848518,0
136,ABBY_016,vert.sd,0.105604774,NA,2,NA,0.211209547,0
137,ABBY_016,VCI,0.825849615,NA,2,NA,0.888793343,0
138,ABBY_016,vertCV,0.09565862,NA,2,NA,0.197347297,0
139,ABBY_016,gini,0.086406791,NA,2,NA,0.182442491,0
140,ABBY_025,q25,0.896459855,NA,2,NA,0.930044806,0
141,ABBY_025,q75,0.061108668,NA,2,NA,0.140569459,0
142,ABBY_025,q100,0.187810901,NA,2,NA,0.32741852,0
143,ABBY_025,VAI,0.747448344,NA,2,NA,0.823870466,0
144,ABBY_025,GFP,0.302868031,NA,2,NA,0.45811971,0
145,ABBY_025,vert.sd,0.270923161,NA,2,NA,0.424062998,0
psi1.density30,ABBY_025,VCI,0.025057203,8,2,1.642019753,0.063525305,0
146,ABBY_025,vertCV,0.850710164,NA,2,NA,0.900751939,0
147,ABBY_025,gini,0.714784656,NA,2,NA,0.804132738,0
psi1.density33,ABBY_029,q25,0.021865991,8,2,0.513511496,0.057041715,0
148,ABBY_029,q75,0.422903808,NA,2,NA,0.568314012,0
149,ABBY_029,q100,0.056484443,NA,2,NA,0.131189675,0
psi1.density35,ABBY_029,VAI,0.020008155,8,2,1.132528486,0.052768761,0
psi1.density37,ABBY_029,GFP,0.021712891,8,2,0.635230963,0.057041715,0
psi1.density40,ABBY_029,vert.sd,0.027235251,8,2,0.564704513,0.067852528,0
150,ABBY_029,VCI,0.061975701,NA,2,NA,0.142109888,0
151,ABBY_062,q25,0.070118889,NA,2,NA,0.156787578,0
152,ABBY_062,q50,0.823572696,NA,2,NA,0.888183143,0
153,ABBY_062,q75,0.292396799,NA,2,NA,0.446029016,0
154,ABBY_062,VAI,0.252037536,NA,2,NA,0.405060326,0
155,ABBY_062,GFP,0.323116433,NA,2,NA,0.479678003,0
156,ABBY_062,vert.sd,0.129991436,NA,2,NA,0.246794655,0
157,ABBY_062,VCI,0.833813595,NA,2,NA,0.893371708,0
158,ABBY_062,vertCV,0.09337184,NA,2,NA,0.193183117,0
159,ABBY_062,gini,0.071522513,NA,2,NA,0.158938918,0
160,ABBY_068,q25,0.936700667,NA,2,NA,0.953310226,0
161,ABBY_068,q50,0.742442293,NA,2,NA,0.821134333,0
162,ABBY_068,q75,0.461706053,NA,2,NA,0.588914895,0
163,ABBY_068,q100,0.424480146,NA,2,NA,0.568314012,0
164,ABBY_068,VAI,0.847867213,NA,2,NA,0.90038996,0
165,ABBY_068,GFP,0.800680008,NA,2,NA,0.8734691,0
166,ABBY_068,vert.sd,0.069921713,NA,2,NA,0.156787578,0
167,ABBY_068,VCI,0.875079015,NA,2,NA,0.914451221,0
168,ABBY_068,vertCV,0.673209262,NA,2,NA,0.775537069,0
169,ABBY_068,gini,0.377295177,NA,2,NA,0.527649123,0
170,ABBY_073,q25,0.486422561,NA,2,NA,0.614428498,0
171,ABBY_073,q50,0.080973941,NA,2,NA,0.171474229,0
172,ABBY_073,q75,0.862291425,NA,2,NA,0.905028901,0
173,ABBY_073,q100,0.527017391,NA,2,NA,0.654228485,0
174,ABBY_073,VAI,0.936304822,NA,2,NA,0.953310226,0
175,ABBY_073,GFP,0.614909192,NA,2,NA,0.736663258,0
176,ABBY_073,vert.sd,0.83678788,NA,2,NA,0.894889154,0
177,ABBY_073,sd.sd,0.056036914,NA,2,NA,0.130571449,0
178,ABBY_073,VCI,0.347793886,NA,2,NA,0.502834534,0
179,ABBY_073,vertCV,0.658217746,NA,2,NA,0.760745086,0
180,ABBY_073,gini,0.727034406,NA,2,NA,0.81228007,0
181,GRSM_004,q25,0.267942692,NA,2,NA,0.422115322,0
182,GRSM_004,q50,0.283540144,NA,2,NA,0.439976085,0
psi1.density64,GRSM_004,q75,0.032867977,8,2,1.787207557,0.080493006,0
psi1.density65,GRSM_004,q100,0.026585755,8,2,1.371303102,0.066695971,0
183,GRSM_004,VAI,0.375454793,NA,2,NA,0.527649123,0
184,GRSM_004,GFP,0.050612901,NA,2,NA,0.119479636,0
185,GRSM_004,vert.sd,0.624742001,NA,2,NA,0.743494613,0
186,GRSM_004,VCI,0.226444345,NA,2,NA,0.377407241,0
187,GRSM_004,vertCV,0.377415692,NA,2,NA,0.527649123,0
psi1.density70,GRSM_004,fhd,0.0243914,8,2,1.874487884,0.062055858,0
188,GRSM_004,gini,0.390333552,NA,2,NA,0.539424486,0
189,GRSM_006,q25,0.693045109,NA,2,NA,0.789734207,0
190,GRSM_006,q50,0.837852383,NA,2,NA,0.894889154,0
191,GRSM_006,q75,0.138135199,NA,2,NA,0.25766151,0
192,GRSM_006,q100,0.373213367,NA,2,NA,0.525858365,0
193,GRSM_006,VAI,0.286183388,NA,2,NA,0.440890193,0
194,GRSM_006,GFP,0.359381154,NA,2,NA,0.512584182,0
195,GRSM_006,vert.sd,0.309836762,NA,2,NA,0.462826698,0
196,GRSM_006,VCI,0.078807604,NA,2,NA,0.168740066,0
197,GRSM_006,vertCV,0.64262455,NA,2,NA,0.752340937,0
198,GRSM_006,fhd,0.191845427,NA,2,NA,0.332040162,0
199,GRSM_006,gini,0.629342992,NA,2,NA,0.745274596,0
1100,GRSM_012,q25,0.603170661,NA,2,NA,0.726225546,0
1101,GRSM_012,q50,0.367807297,NA,2,NA,0.521301681,0
1102,GRSM_012,q75,0.461012068,NA,2,NA,0.588914895,0
psi1.density77,GRSM_012,q100,0.038802685,8,2,0.618097103,0.093437905,0
1103,GRSM_012,VAI,0.265022672,NA,2,NA,0.419376536,0
1104,GRSM_012,GFP,0.378416784,NA,2,NA,0.52802342,0
1105,GRSM_012,vert.sd,0.453887805,NA,2,NA,0.587059797,0
1106,GRSM_012,VCI,0.130252735,NA,2,NA,0.246794655,0
1107,GRSM_012,vertCV,0.457437638,NA,2,NA,0.588914895,0
1108,GRSM_012,gini,0.636654856,NA,2,NA,0.750231581,0
1109,GRSM_016,q25,0.840612691,NA,2,NA,0.894889154,0
1110,GRSM_016,q50,0.41594105,NA,2,NA,0.566267741,0
1111,GRSM_016,q75,0.143231331,NA,2,NA,0.265790099,0
1112,GRSM_016,q100,0.099857859,NA,2,NA,0.20310073,0
1113,GRSM_016,VAI,0.651663101,NA,2,NA,0.757809086,0
1114,GRSM_016,GFP,0.353197398,NA,2,NA,0.506577941,0
1115,GRSM_016,vert.sd,0.710369847,NA,2,NA,0.801671301,0
1116,GRSM_016,VCI,0.384514016,NA,2,NA,0.533429849,0
1117,GRSM_016,vertCV,0.65727602,NA,2,NA,0.760745086,0
1118,GRSM_016,gini,0.687530213,NA,2,NA,0.785748815,0
psi1.density90,GRSM_026,q25,0.030033088,8,2,2.003022888,0.074054191,0
1119,GRSM_026,q50,0.054622244,NA,2,NA,0.128104286,0
1120,GRSM_026,q75,0.073537631,NA,2,NA,0.161424068,0
psi1.density91,GRSM_026,q100,0.049877454,8,2,2.404761172,0.118130812,0
1121,GRSM_026,VAI,0.092765942,NA,2,NA,0.19281267,0
1122,GRSM_026,GFP,0.090687641,NA,2,NA,0.189811341,0
1123,GRSM_026,vert.sd,0.201794713,NA,2,NA,0.345933793,0
1124,GRSM_026,VCI,0.113755446,NA,2,NA,0.223171447,0
1125,GRSM_026,vertCV,0.063880163,NA,2,NA,0.146011801,0
1126,GRSM_026,gini,0.067695142,NA,2,NA,0.153512916,0
1127,GRSM_029,q25,0.894582618,NA,2,NA,0.929436486,0
1128,GRSM_029,q50,0.684875448,NA,2,NA,0.783959178,0
1129,GRSM_029,q75,0.157197034,NA,2,NA,0.285092857,0
psi1.density98,GRSM_029,q100,0.023560291,8,2,2.103868442,0.060583606,0
1130,GRSM_029,VAI,0.156867547,NA,2,NA,0.285092857,0
1131,GRSM_029,GFP,0.394546501,NA,2,NA,0.54420207,0
1132,GRSM_029,vert.sd,0.419641406,NA,2,NA,0.566870191,0
1133,GRSM_029,VCI,0.706093151,NA,2,NA,0.79809587,0
1134,GRSM_029,vertCV,0.35952085,NA,2,NA,0.512584182,0
1135,GRSM_029,gini,0.286018065,NA,2,NA,0.440890193,0
1136,GRSM_050,q25,0.70238958,NA,2,NA,0.796600932,0
1137,GRSM_050,q50,0.381412376,NA,2,NA,0.530683625,0
1138,GRSM_050,q75,0.279002186,NA,2,NA,0.43386949,0
psi1.density105,GRSM_050,q100,0.021847059,8,2,1.841743271,0.057041715,0
1139,GRSM_050,VAI,0.234006393,NA,2,NA,0.38554829,0
1140,GRSM_050,GFP,0.337517145,NA,2,NA,0.491927823,0
1141,GRSM_050,vert.sd,0.115576145,NA,2,NA,0.22551443,0
1143,GRSM_050,vertCV,0.104914235,NA,2,NA,0.21041295,0
1144,GRSM_050,gini,0.134735998,NA,2,NA,0.252629995,0
1145,GRSM_056,q25,0.931847525,NA,2,NA,0.953310226,0
1146,GRSM_056,q50,0.941393848,NA,2,NA,0.953310226,0
1147,GRSM_056,q75,0.099246808,NA,2,NA,0.20242975,0
1148,GRSM_056,q100,0.448568325,NA,2,NA,0.585653319,0
1149,GRSM_056,VAI,0.697187238,NA,2,NA,0.793009181,0
1150,GRSM_056,GFP,0.652557824,NA,2,NA,0.757809086,0
1151,GRSM_056,vert.sd,0.336260517,NA,2,NA,0.49109041,0
1152,GRSM_056,VCI,0.469212811,NA,2,NA,0.595825792,0
1153,GRSM_056,vertCV,0.578189977,NA,2,NA,0.703204025,0
psi1.density116,GRSM_056,fhd,0.0385359,8,2,1.095950022,0.093106872,0
1154,GRSM_056,gini,0.430976747,NA,2,NA,0.57146088,0
1155,GRSM_060,q25,0.187362022,NA,2,NA,0.32741852,0
1156,GRSM_060,q50,0.855426212,NA,2,NA,0.903512853,0
1157,GRSM_060,q75,0.327454579,NA,2,NA,0.483587794,0
1158,GRSM_060,VAI,0.377060984,NA,2,NA,0.527649123,0
1159,GRSM_060,GFP,0.293383401,NA,2,NA,0.446587841,0
1160,GRSM_060,vert.sd,0.237385814,NA,2,NA,0.388449513,0
1161,GRSM_060,VCI,0.06845085,NA,2,NA,0.154497216,0
1162,GRSM_060,vertCV,0.295300247,NA,2,NA,0.448557337,0
1163,GRSM_060,gini,0.255570778,NA,2,NA,0.408913245,0
1164,STEI_003,q25,0.679211099,NA,2,NA,0.779955329,0
1165,STEI_003,q50,0.594905575,NA,2,NA,0.718677876,0
1166,STEI_003,q75,0.096709591,NA,2,NA,0.198945444,0
1167,STEI_003,q100,0.526398869,NA,2,NA,0.654228485,0
1168,STEI_003,VAI,0.628269493,NA,2,NA,0.745274596,0
1169,STEI_003,GFP,0.451269153,NA,2,NA,0.586365394,0
1170,STEI_003,vert.sd,0.333911861,NA,2,NA,0.488651504,0
1171,STEI_003,VCI,0.331130089,NA,2,NA,0.485567544,0
1172,STEI_003,vertCV,0.490144136,NA,2,NA,0.618045146,0
1173,STEI_003,fhd,0.142881569,NA,2,NA,0.265790099,0
1174,STEI_003,gini,0.342440675,NA,2,NA,0.497091302,0
1175,STEI_006,q25,0.728126601,NA,2,NA,0.81228007,0
1176,STEI_006,q50,0.728255669,NA,2,NA,0.81228007,0
1177,STEI_006,q75,0.224573726,NA,2,NA,0.375157964,0
psi1.density130,STEI_006,q100,0.022060121,8,2,1.886958588,0.057340387,0
1178,STEI_006,VAI,0.075237062,NA,2,NA,0.163657657,0
1179,STEI_006,vert.sd,0.058272109,NA,2,NA,0.13490649,0
1180,STEI_006,VCI,0.349917974,NA,2,NA,0.504804081,0
1181,STEI_006,vertCV,0.07624869,NA,2,NA,0.165358606,0
1182,STEI_006,fhd,0.748349007,NA,2,NA,0.823870466,0
1183,STEI_006,gini,0.143916102,NA,2,NA,0.266374276,0
1184,STEI_009,q25,0.191576327,NA,2,NA,0.332040162,0
1185,STEI_009,q50,0.069209884,NA,2,NA,0.155722239,0
psi1.density137,STEI_009,q75,0.034497173,8,2,0.952489741,0.083912042,0
1186,STEI_009,q100,0.524837241,NA,2,NA,0.654228485,0
1187,STEI_009,VAI,0.067801538,NA,2,NA,0.153512916,0
1188,STEI_009,GFP,0.129964862,NA,2,NA,0.246794655,0
1189,STEI_009,vert.sd,0.387603238,NA,2,NA,0.536681406,0
1190,STEI_009,VCI,0.37120919,NA,2,NA,0.524797561,0
1191,STEI_009,vertCV,0.109533387,NA,2,NA,0.217856461,0
1192,STEI_009,gini,0.121255757,NA,2,NA,0.234688563,0
1193,STEI_015,q25,0.266119552,NA,2,NA,0.420188767,0
1194,STEI_015,q50,0.586732866,NA,2,NA,0.711191353,0
1195,STEI_015,q75,0.900022171,NA,2,NA,0.93239707,0
1196,STEI_015,VAI,0.650099219,NA,2,NA,0.757809086,0
1197,STEI_015,GFP,0.077042431,NA,2,NA,0.166079493,0
1198,STEI_015,vert.sd,0.219925913,NA,2,NA,0.369106427,0
1199,STEI_015,VCI,0.416049493,NA,2,NA,0.566267741,0
1200,STEI_015,vertCV,0.251292108,NA,2,NA,0.404765812,0
1201,STEI_015,gini,0.217603715,NA,2,NA,0.366919613,0
1202,STEI_018,q25,0.144594448,NA,2,NA,0.266943596,0
1203,STEI_018,q50,0.713788761,NA,2,NA,0.804132738,0
1204,STEI_018,q75,0.451989991,NA,2,NA,0.586365394,0
1205,STEI_018,VAI,0.813637766,NA,2,NA,0.882257818,0
1206,STEI_018,GFP,0.552303617,NA,2,NA,0.678598301,0
1207,STEI_018,vert.sd,0.422319388,NA,2,NA,0.568314012,0
1208,STEI_018,VCI,0.745735536,NA,2,NA,0.823511635,0
1209,STEI_018,vertCV,0.286578626,NA,2,NA,0.440890193,0
1210,STEI_018,fhd,0.110993732,NA,2,NA,0.218946539,0
1211,STEI_018,gini,0.271065456,NA,2,NA,0.424062998,0
1212,STEI_046,q25,0.651403008,NA,2,NA,0.757809086,0
1213,STEI_046,q50,0.461924231,NA,2,NA,0.588914895,0
1214,STEI_046,q75,0.862006592,NA,2,NA,0.905028901,0
1215,STEI_046,VAI,0.161705398,NA,2,NA,0.289621608,0
psi1.density159,STEI_046,GFP,0.024383546,8,2,2.406505635,0.062055858,0
1216,STEI_046,vert.sd,0.216150661,NA,2,NA,0.366184649,0
1217,STEI_046,VCI,0.438254904,NA,2,NA,0.579498911,0
1218,STEI_046,vertCV,0.461407975,NA,2,NA,0.588914895,0
1219,STEI_046,fhd,0.160991727,NA,2,NA,0.289062453,0
1220,STEI_046,gini,0.620328869,NA,2,NA,0.739464877,0
1221,STEI_050,q25,0.636118319,NA,2,NA,0.750231581,0
1222,STEI_050,q50,0.365442047,NA,2,NA,0.518970954,0
1223,STEI_050,q75,0.538738185,NA,2,NA,0.665337038,0
1224,STEI_050,q100,0.06619597,NA,2,NA,0.15082626,0
1225,STEI_050,VAI,0.894457257,NA,2,NA,0.929436486,0
1226,STEI_050,GFP,0.306188754,NA,2,NA,0.461204818,0
1227,STEI_050,vert.sd,0.66194996,NA,2,NA,0.763788415,0
1228,STEI_050,VCI,0.618911234,NA,2,NA,0.739079295,0
1229,STEI_050,vertCV,0.911876764,NA,2,NA,0.94332079,0
1230,STEI_050,fhd,0.678596347,NA,2,NA,0.779955329,0
1231,STEI_050,gini,0.938639396,NA,2,NA,0.953310226,0
1232,STEI_054,q25,0.812693418,NA,2,NA,0.882257818,0
1233,STEI_054,q50,0.727230064,NA,2,NA,0.81228007,0
1234,STEI_054,q75,0.892455648,NA,2,NA,0.929436486,0
1235,STEI_054,q100,0.052247366,NA,2,NA,0.122934979,0
1236,STEI_054,VAI,0.468646091,NA,2,NA,0.595825792,0
1237,STEI_054,GFP,0.121679845,NA,2,NA,0.234877984,0
1238,STEI_054,vert.sd,0.533205627,NA,2,NA,0.660110685,0
1239,STEI_054,VCI,0.83965668,NA,2,NA,0.894889154,0
1240,STEI_054,vertCV,0.427576298,NA,2,NA,0.57010173,0
1241,STEI_054,fhd,0.401963969,NA,2,NA,0.550848518,0
1242,STEI_054,gini,0.325047248,NA,2,NA,0.481551479,0
1243,STEI_062,q25,0.306132731,NA,2,NA,0.461204818,0
1244,STEI_062,q50,0.951491353,NA,2,NA,0.962182268,0
1245,STEI_062,q75,0.449000878,NA,2,NA,0.585653319,0
1246,STEI_062,VAI,0.608133594,NA,2,NA,0.730255047,0
1247,STEI_062,GFP,0.16289751,NA,2,NA,0.291032773,0
1248,STEI_062,vert.sd,0.243620371,NA,2,NA,0.395060061,0
1249,STEI_062,VCI,0.937834464,NA,2,NA,0.953310226,0
1250,STEI_062,vertCV,0.321304219,NA,2,NA,0.477973219,0
1251,STEI_062,fhd,0.855827452,NA,2,NA,0.903512853,0
1252,STEI_062,gini,0.271518114,NA,2,NA,0.424062998,0
1253,UKFS_002,q25,0.100861248,NA,2,NA,0.204563657,0
1254,UKFS_002,q75,0.196809459,NA,2,NA,0.339326273,0
1255,UKFS_002,q100,0.307505269,NA,2,NA,0.462220864,0
psi1.density181,UKFS_002,VAI,0.023415723,8,2,1.583376025,0.060427673,0
psi1.density183,UKFS_002,GFP,0.024056713,8,2,1.591297001,0.061639975,0
1256,UKFS_002,vert.sd,0.110362818,NA,2,NA,0.218300079,0
1257,UKFS_007,q25,0.93258554,NA,2,NA,0.953310226,0
1258,UKFS_007,q50,0.935246023,NA,2,NA,0.953310226,0
1259,UKFS_007,q75,0.415656067,NA,2,NA,0.566267741,0
1260,UKFS_007,q100,0.107170098,NA,2,NA,0.213746457,0
1261,UKFS_007,VAI,0.914175386,NA,2,NA,0.944341862,0
1262,UKFS_007,GFP,0.556200026,NA,2,NA,0.682221497,0
1263,UKFS_007,vert.sd,0.841444385,NA,2,NA,0.894889154,0
1264,UKFS_007,VCI,0.098282308,NA,2,NA,0.201604735,0
1265,UKFS_007,vertCV,0.985654729,NA,2,NA,0.989778808,0
1266,UKFS_007,fhd,0.059543868,NA,2,NA,0.137408927,0
1267,UKFS_007,gini,0.985417551,NA,2,NA,0.989778808,0
1268,UKFS_014,q25,0.858814576,NA,2,NA,0.905028901,0
1269,UKFS_014,q50,0.371731606,NA,2,NA,0.524797561,0
1270,UKFS_014,q75,0.560335368,NA,2,NA,0.684960043,0
1271,UKFS_014,q100,0.071256676,NA,2,NA,0.15883841,0
1272,UKFS_014,VAI,0.229330149,NA,2,NA,0.381334196,0
1273,UKFS_014,GFP,0.423553657,NA,2,NA,0.568314012,0
1274,UKFS_014,vert.sd,0.742170789,NA,2,NA,0.821134333,0
1275,UKFS_014,VCI,0.827071583,NA,2,NA,0.888793343,0
1276,UKFS_014,vertCV,0.733933074,NA,2,NA,0.815481193,0
1277,UKFS_014,gini,0.761001984,NA,2,NA,0.836521264,0
1278,UKFS_021,q25,0.126584414,NA,2,NA,0.241752726,0
1279,UKFS_021,q50,0.350919629,NA,2,NA,0.504804081,0
1280,UKFS_021,q75,0.119477678,NA,2,NA,0.232497103,0
1281,UKFS_021,q100,0.041393615,NA,2,NA,0.099014628,0
1282,UKFS_021,VAI,0.580996781,NA,2,NA,0.705426108,0
1283,UKFS_021,GFP,0.073358736,NA,2,NA,0.161424068,0
1284,UKFS_021,vert.sd,0.98823923,NA,2,NA,0.990991986,0
1285,UKFS_021,VCI,0.438648481,NA,2,NA,0.579498911,0
1286,UKFS_021,vertCV,0.296476561,NA,2,NA,0.44939605,0
1287,UKFS_021,fhd,0.089371221,NA,2,NA,0.188149939,0
1288,UKFS_021,gini,0.291060403,NA,2,NA,0.4449331,0
1289,UKFS_043,q25,0.072931936,NA,2,NA,0.161076667,0
1290,UKFS_043,q50,0.822822818,NA,2,NA,0.888183143,0
psi1.density208,UKFS_043,q75,0.029376792,8,2,2.878979402,0.072935483,0
1291,UKFS_043,q100,0.091970839,NA,2,NA,0.191939142,0
1292,UKFS_043,VAI,0.17925535,NA,2,NA,0.315559541,0
1293,UKFS_043,GFP,0.462134605,NA,2,NA,0.588914895,0
1294,UKFS_043,vert.sd,0.446100974,NA,2,NA,0.58398673,0
1295,UKFS_043,VCI,0.936768581,NA,2,NA,0.953310226,0
1296,UKFS_043,vertCV,0.274547011,NA,2,NA,0.427865471,0
1297,UKFS_043,gini,0.255005096,NA,2,NA,0.408913245,0
1298,UKFS_047,q25,0.543871825,NA,2,NA,0.669380707,0
1299,UKFS_047,q50,0.831115661,NA,2,NA,0.891808161,0
1300,UKFS_047,q75,0.608545872,NA,2,NA,0.730255047,0
psi1.density215,UKFS_047,q100,0.030216321,8,2,1.064908824,0.074251711,0
1301,UKFS_047,VAI,0.824036583,NA,2,NA,0.888183143,0
1302,UKFS_047,GFP,0.863717959,NA,2,NA,0.905206594,0
1303,UKFS_047,vert.sd,0.644208183,NA,2,NA,0.752970604,0
1304,UKFS_047,VCI,0.997406791,NA,2,NA,0.997406791,0
1305,UKFS_047,vertCV,0.788248997,NA,2,NA,0.861212865,0
1306,UKFS_047,fhd,0.055147683,NA,2,NA,0.128916661,0
1307,UKFS_047,gini,0.962459534,NA,2,NA,0.969567062,0
1308,UKFS_052,q25,0.151184055,NA,2,NA,0.277685,0
1309,UKFS_052,q50,0.397760054,NA,2,NA,0.547585543,0
1310,UKFS_052,q75,0.542424625,NA,2,NA,0.668742688,0
1311,UKFS_052,q100,0.080256589,NA,2,NA,0.170456473,0
1312,UKFS_052,VAI,0.196997753,NA,2,NA,0.339326273,0
1313,UKFS_052,GFP,0.262959069,NA,2,NA,0.417027598,0
1314,UKFS_052,vert.sd,0.381797386,NA,2,NA,0.530683625,0
psi1.density225,UKFS_052,VCI,0.02963823,8,2,2.062399578,0.073331703,0
1315,UKFS_052,vertCV,0.32776506,NA,2,NA,0.483587794,0
1316,UKFS_052,gini,0.241431377,NA,2,NA,0.393281881,0
1317,UKFS_054,q25,0.17393292,NA,2,NA,0.3076946,0
1318,UKFS_054,q50,0.865923103,NA,2,NA,0.906198596,0
1319,UKFS_054,q75,0.525371389,NA,2,NA,0.654228485,0
1320,UKFS_054,q100,0.210901584,NA,2,NA,0.35898142,0
1321,UKFS_054,VAI,0.805402077,NA,2,NA,0.877291219,0
1322,UKFS_054,GFP,0.929438351,NA,2,NA,0.953310226,0
1323,UKFS_054,vert.sd,0.418399208,NA,2,NA,0.566370445,0
1324,UKFS_054,VCI,0.962833958,NA,2,NA,0.969567062,0
1325,UKFS_054,vertCV,0.61897891,NA,2,NA,0.739079295,0
1326,UKFS_054,gini,0.702557767,NA,2,NA,0.796600932,0
1327,UKFS_059,q25,0.361634363,NA,2,NA,0.51457854,0
1328,UKFS_059,q50,0.231098931,NA,2,NA,0.383389931,0
1329,UKFS_059,q75,0.72879573,NA,2,NA,0.81228007,0
psi1.density234,UKFS_059,q100,0.025580116,8,2,2.631111891,0.06462345,0
1330,UKFS_059,VAI,0.693211138,NA,2,NA,0.789734207,0
psi1.density236,UKFS_059,GFP,0.044466144,8,2,2.184875539,0.106011999,0
1331,UKFS_059,vert.sd,0.658255818,NA,2,NA,0.760745086,0
1332,UKFS_059,VCI,0.887662878,NA,2,NA,0.926256916,0
1333,UKFS_059,vertCV,0.812239158,NA,2,NA,0.882257818,0
1334,UKFS_059,fhd,0.078368203,NA,2,NA,0.168433153,0
1335,UKFS_059,gini,0.767462579,NA,2,NA,0.842336977,0
1336,UNDE_003,q25,0.346035441,NA,2,NA,0.501298829,0
1337,UNDE_003,q50,0.339241846,NA,2,NA,0.493442685,0
1338,UNDE_003,q75,0.103992387,NA,2,NA,0.2091467,0
1340,UNDE_003,VAI,0.176928391,NA,2,NA,0.312226572,0
1341,UNDE_003,GFP,0.233191077,NA,2,NA,0.38554829,0
1342,UNDE_003,vert.sd,0.567540074,NA,2,NA,0.69202896,0
1343,UNDE_003,VCI,0.443741729,NA,2,NA,0.58301833,0
1344,UNDE_003,vertCV,0.770559276,NA,2,NA,0.844448521,0
1345,UNDE_003,gini,0.818427268,NA,2,NA,0.886116741,0
1346,UNDE_016,q25,0.169477809,NA,2,NA,0.300551779,0
1347,UNDE_016,q50,0.704058751,NA,2,NA,0.797047642,0
1348,UNDE_016,q75,0.259617096,NA,2,NA,0.413549356,0
psi1.density247,UNDE_016,q100,0.019259542,8,2,2.804349284,0.050981141,0
1349,UNDE_016,VAI,0.309636532,NA,2,NA,0.462826698,0
1350,UNDE_016,GFP,0.243162802,NA,2,NA,0.395060061,0
1351,UNDE_016,vert.sd,0.50682725,NA,2,NA,0.636850995,0
1352,UNDE_016,VCI,0.076928693,NA,2,NA,0.166079493,0
1353,UNDE_016,vertCV,0.63822506,NA,2,NA,0.750853011,0
1354,UNDE_016,gini,0.633759753,NA,2,NA,0.749272614,0
1355,UNDE_020,q25,0.443006428,NA,2,NA,0.58301833,0
1356,UNDE_020,q50,0.681821545,NA,2,NA,0.781706229,0
1357,UNDE_020,q75,0.424656859,NA,2,NA,0.568314012,0
1358,UNDE_020,q100,0.429416573,NA,2,NA,0.571231446,0
1359,UNDE_020,VAI,0.168067329,NA,2,NA,0.298786363,0
1360,UNDE_020,GFP,0.938804339,NA,2,NA,0.953310226,0
1361,UNDE_020,vert.sd,0.120953464,NA,2,NA,0.234688563,0
1362,UNDE_020,VCI,0.351259506,NA,2,NA,0.504804081,0
1363,UNDE_020,vertCV,0.160418184,NA,2,NA,0.28875273,0
1364,UNDE_020,gini,0.15650893,NA,2,NA,0.285092857,0
1365,UNDE_027,q25,0.358266686,NA,2,NA,0.512584182,0
1366,UNDE_027,q50,0.511806168,NA,2,NA,0.641986831,0
1367,UNDE_027,q75,0.9948265,NA,2,NA,0.996210125,0
psi1.density260,UNDE_027,q100,0.046408953,8,2,2.193305368,0.1102787,0
1368,UNDE_027,VAI,0.158482422,NA,2,NA,0.286084431,0
1369,UNDE_027,GFP,0.401983257,NA,2,NA,0.550848518,0
1370,UNDE_027,vert.sd,0.592712682,NA,2,NA,0.717232153,0
1371,UNDE_027,VCI,0.92445026,NA,2,NA,0.952223443,0
1372,UNDE_027,vertCV,0.559061728,NA,2,NA,0.684565381,0
1373,UNDE_027,gini,0.497528324,NA,2,NA,0.626259429,0
1374,UNDE_037,q25,0.568040438,NA,2,NA,0.69202896,0
1375,UNDE_037,q50,0.441513687,NA,2,NA,0.582215851,0
1376,UNDE_037,q75,0.418484828,NA,2,NA,0.566370445,0
1377,UNDE_037,q100,0.788067863,NA,2,NA,0.861212865,0
1378,UNDE_037,VAI,0.079564288,NA,2,NA,0.169486056,0
1379,UNDE_037,GFP,0.072326157,NA,2,NA,0.160230257,0
1380,UNDE_037,vert.sd,0.189124575,NA,2,NA,0.328912304,0
1381,UNDE_037,VCI,0.445707877,NA,2,NA,0.58398673,0
1382,UNDE_037,vertCV,0.236129347,NA,2,NA,0.387273644,0
1383,UNDE_037,gini,0.268512246,NA,2,NA,0.422115322,0
1384,UNDE_043,q25,0.035749363,NA,2,NA,0.086665123,0
1385,UNDE_043,q50,0.430010339,NA,2,NA,0.571231446,0
1386,UNDE_043,q75,0.479166256,NA,2,NA,0.607393845,0
1388,UNDE_043,VAI,0.148552527,NA,2,NA,0.27354941,0
1389,UNDE_043,GFP,0.130894854,NA,2,NA,0.247360354,0
1390,UNDE_043,vert.sd,0.197628746,NA,2,NA,0.33960071,0
1391,UNDE_043,VCI,0.861659253,NA,2,NA,0.905028901,0
1392,UNDE_043,vertCV,0.126314262,NA,2,NA,0.241752726,0
psi1.density277,UNDE_043,fhd,0.033644149,8,2,1.311476045,0.082114534,0
1393,UNDE_043,gini,0.122763841,NA,2,NA,0.236336806,0
1394,UNDE_049,q25,0.261015772,NA,2,NA,0.414859506,0
1395,UNDE_049,q50,0.284483829,NA,2,NA,0.44049109,0
1396,UNDE_049,q75,0.154114772,NA,2,NA,0.282347674,0
psi1.density279,UNDE_049,q100,0.022987309,8,2,1.881574485,0.059535476,0
1397,UNDE_049,VAI,0.078979725,NA,2,NA,0.168740066,0
1398,UNDE_049,vert.sd,0.917909903,NA,2,NA,0.946841161,0
psi1.density285,UNDE_049,VCI,0.04064671,8,2,0.630483663,0.097552103,0
1399,UNDE_049,vertCV,0.249945495,NA,2,NA,0.403499454,0
1400,UNDE_049,gini,0.25737143,NA,2,NA,0.410881219,0
1401,UNDE_055,q25,0.454155982,NA,2,NA,0.587059797,0
1402,UNDE_055,q50,0.245278572,NA,2,NA,0.396855218,0
1403,UNDE_055,q75,0.287622574,NA,2,NA,0.441552779,0
1404,UNDE_055,q100,0.20425581,NA,2,NA,0.348493325,0
1405,UNDE_055,VAI,0.41739192,NA,2,NA,0.566370445,0
1406,UNDE_055,GFP,0.628545804,NA,2,NA,0.745274596,0
1407,UNDE_055,vert.sd,0.640939537,NA,2,NA,0.751590336,0
1408,UNDE_055,VCI,0.639990787,NA,2,NA,0.751590336,0
1409,UNDE_055,vertCV,0.460291296,NA,2,NA,0.588914895,0
1410,UNDE_055,fhd,0.098603261,NA,2,NA,0.201688488,0
1411,UNDE_055,gini,0.426898419,NA,2,NA,0.57010173,0
1412,UNDE_057,q25,0.290538378,NA,2,NA,0.4449331,0
1413,UNDE_057,q50,0.960077779,NA,2,NA,0.969503508,0
1414,UNDE_057,q75,0.726154613,NA,2,NA,0.81228007,0
1415,UNDE_057,q100,0.075023252,NA,2,NA,0.163657657,0
1416,UNDE_057,VAI,0.112471044,NA,2,NA,0.221254513,0
1417,UNDE_057,vert.sd,0.240532275,NA,2,NA,0.392705755,0
1418,UNDE_057,VCI,0.212205743,NA,2,NA,0.360349375,0
1419,UNDE_057,vertCV,0.165061757,NA,2,NA,0.294169468,0
1420,UNDE_057,fhd,0.090432044,NA,2,NA,0.189811341,0
1421,UNDE_057,gini,0.179710795,NA,2,NA,0.315589689,0